Topic,Count,Name,top_words,Representative_Docs,category
0,2934,0_cybersecurity_security_degree_career,"cybersecurity, security, degree, career, cyber, certification, cyber security, job, network, experience","[""Any recommendations for a bachelors degree in computer science? Thinking about University Of North Dakota but wanted to check a few other options as well for financial reasons. So my goal is currently to become a cyber security engineer. Currently possess my A+, Net+, Sec+, CySA+, Linux+, & CCNA. I am also currently working on getting my Pentest+ as well as Certified Ethical Hacker. Also am wanting to invest in a bachelors degree. Particularly computer science. I don't want to go into a cybersecurity major right now and am treating improving my cybersecurity skills as more of a hobby and want a degree that will help expand my knowledge a bit more in the cybersecurity f"", 'Is Computer Engineering an Ok major to help pursue a career in Cyber Security? Hey guys! Is me here with a few questions. I would like to pursue a career in Cyber Security in the future. Right now, I am a college student studying Cyber Security in my own and learning stuff like Comptia+, Network+, Security + on my own free time. I’m currently an Electrical Engineer major thinking of switching into Computer Engineering.\n\nMy question for today, is computer engineering worth a degree to pursue if you want to pursue Cyber Security degree? Should I switch from Electrical to Com', 'CompTIA Security+ vs. Secure Computing Information Assurance Degree I’m a recent college graduate with a degree in SCIA and I’m looking at certifications. I’m just wondering if it’s important to get a CompTIA Security+ certification if I already have a degree? From what research I’ve done it seems like the certification is teaching about cyber security but I basically did all that in college. What certification would a job want to see with my degree that will move me forward?']","Career, Jobs and Hiring"
1,1055,1_threat_cyber_cyber attack_attack,"threat, cyber, cyber attack, attack, week, intelligence, threat intelligence, news, stories, cyber threat","[""Top cybersecurity stories for the week of 10-24-22 to 10-28-22 Below are the top headlines we’ve been reporting this whole week on Cyber Security Headlines.If you’d like to hear and participate in a discussion about them, the CISO Series does a live 20-minute show every Friday at 12:30pm PT/3:30pm ET. Each week we welcome a different cyber practitioner to offer some color to the week's stories. Our guest this week is Will Gregorian, former Senior Director, Technology Operations and Security, Rhino.To get involved, you can watch live and participate in the d"", ""Top cybersecurity stories for the week of 10-03-22 to 10-07-22 Below are the top headlines we’ve been reporting this whole week on Cyber Security Headlines.\n\nIf you’d like to hear and participate in a discussion about them, the CISO Series does a live 20-minute show every Friday at 12:30pm PT/3:30pm ET. Each week we welcome a different cyber practitioner to offer some color to the week's stories. Our guest this week is Patrick Benoit, VP, Global Cyber GRC/BISO, CBRE.\n\nIf you want to get involved you can watch live and participate in the discussion on YouTub"", 'The Need to Operationalize Cyber Threat Intelligence']",Threat Landscape
2,849,2_vpn_network_security_home,"vpn, network, security, home, iot, wifi, router, devices, ip, access","['Question about securing home network Hello,\n\nso I have an ISP router at my place. I want to disable WiFi (it will be disabled by ISP on the Cisco router directly) from it and connect my router in a bridged mode. \n\nNow what I want to do is:\n\n3 networks (2,4 and 5 ghz and guest network) \n\n1st - 2,4 for IoT (xiaomi stuff mostly but also TV - currently connected by ethernet) \n\n2nd 5 ghz for other wireless devices (phones, laptops)\n\nLAN for my desktop, some fileserver maybe owncloud and pihole \n\nRight now my ISP router has 2,4 and 5 ghz', 'Must have a VPN for day to day security [removed]', 'Question about VPN security [removed]']",Network and Infrastructure
3,630,3_testing_penetration_penetration testing_lab,"testing, penetration, penetration testing, lab, kali, web, linux, vulnerability, test, metasploit","['How to get into penetration testing? [deleted]', 'Looking to Get Into Penetration Testing [deleted]', 'Looking to get into Penetration Testing [removed]']",Offensive Security
4,614,4_breach_data breach_data_million,"breach, data breach, data, million, customers, security breach, exposed, 000, exposes, report","['Yahoo proposes $117.5 million for the settlement of data breach', 'Slickwraps Data breach', 'The Unattributable ""db8151dd"" Data Breach']",Threat Landscape
5,584,5_desk_job_years_helpdesk,"desk, job, years, helpdesk, support, career, year, company, role, position","['Looking for training suggestions First, a little bit about me.\n\n**Experience -** 4-ish years Helpdesk experience - I know there are many names for it but this is desk side support not a call center or tier 1.  My current company classifies it as tier 2-3 desktop support. My current job role is an ""IT Specialist"". I work on and troubleshoot pretty much everything short of engineering/programming and our Network/Security infrastructure.\n\n**Certs:** None\n\n**Trainings:** Deploying and Managing Windows 10 Using Enterprise Services', 'Not really sure if I should leave, great people but horrible pay. Not sure if it is considered a good environment to learn. A little background about myself. I used to work in a different field and reach middle management.  \nI switch to IT about 3 years ago. I worked at as a tech support for another company with no help desk and before working at current company as tier 1 helpdesk for a 500-600 employee company. For the last 2 years, I spent 15-45 extra hours a week studying, taking classes, certs and labs before and after work. I was able to get my trifecta, and CCNA. \n\nFor the first few months. I did tier 1 tickets', ""ADVICE I'm finding my job search to be a bit overwhelming. Is anyone able critique my current understanding of the job market and offer guidance on what my next move should be? Hello there, I have a Computer Information Science degree and I'm looking to find something other than basic helpdesk like my last two jobs that will also pay for my CompTIA certs. My first job was with a school doing tech support (either fixing software issues on student/staff laptops or writing up tickets to get them sent out for hardware issues or reimaging with a little desktop support in person for teachers and admin) and I found it a lot more fulfilling than helpdesk despite having a lot m""]","Career, Jobs and Hiring"
6,577,6_cloud_aws_cloud security_security,"cloud, aws, cloud security, security, engineer, azure, devops, architect, career, certs","['How to get into Cloud Security? Hey guys, I am currently studying for my Cloud Practitioner, will take it Tuesday.Following, I plan to go for AWS Security so I understand cloud security and get a job in cloud security, however, I do not have any experience in cloud let alone cloud security. Would you recommend I go this route? If not, how should I go about it?', 'Path to cloud security (Need Advice) I am confused about the career path toward cloud security. Should I start with security+ then .......... CISSP after that Learn cloud like AWS after that goto cloud security?  OR I start with AWS cloud practitioner, solution architect then AWS security specialty.', 'Want to move to Cloud Security']",Defensive Security
7,533,7_ransomware_ransomware attack_attack_hit,"ransomware, ransomware attack, attack, hit, hit ransomware, data, hospital, hackers, colonial, attacks","['Ransomware attack on Fujifilm [removed]', 'The anatomy of a ransomware attack', 'REMK Ransomware Attack']",Threat Landscape
8,471,8_interview_questions_position_cybersecurity,"interview, questions, position, cybersecurity, analyst, technical, interview questions, interviews, job, ask","['SOC analyst Interview and Technical questions Was looking for some help as I have an interview for SOC analyst this Friday.\n\nI am trying to better prepare for the technical questions part of the interview.\n\nAny idea what they might ask? Any tips or pointers for me to look into/study will be much appreciated!\n\nVery nervous. Thank you', 'How to prep for a technical interview?? How to prep for a technical interview??\n\nHey folks! \n\nI’ve got a technical interview for an Advisory and Awareness position and in my initial interview they said there would be a technical portion. I was quite flustered in the interview and completely forgot to ask what that interview might entail. \n\nI’ve done an internship in incident response, data protection and vulnerability management and I feel like I’ve got a good grip on the basics but I’m worried I’ll get asked questions out of my depth', 'First cybersecurity interview [removed]']","Career, Jobs and Hiring"
9,456,9_soc_soc analyst_analyst_role,"soc, soc analyst, analyst, role, job, position, analyst role, experience, security, level","['SOC analyst part time', 'SOC ANALYST (Micromanagement)', 'How to Become a SOC Analyst?']","Career, Jobs and Hiring"
10,444,10_awareness_security awareness_project_security,"awareness, security awareness, project, security, cybersecurity, training, ideas, awareness training, cyber, cyber security","['What is security awareness? [removed]', 'Cyber security awareness training -Why your employees need one [removed]', 'Security Awareness Training What is the best cyber security awareness  training that you have come across and why?']",Privacy and Governance
11,418,11_cloud_cloud security_security_siem,"cloud, cloud security, security, siem, aws, azure, github, splunk, logs, data","['Cloud Security Orienteering', 'Debunking five myths in cloud security', 'Semgrep for Cloud Security']",Defensive Security
12,362,12_ethical_hacking_ethical hacking_udemy,"ethical, hacking, ethical hacking, udemy, course, learn, practical, free, courses, penetration","['Ethical Hacking Course', 'Ethical Hacking Rap Song', 'How to use Netcat in Ethical Hacking']",Offensive Security
13,281,13_password_passwords_password manager_authentication,"password, passwords, password manager, authentication, manager, factor, mfa, 2fa, factor authentication, password managers","['Password Manager for business Hi all,\n\nMy company is planning to purchase a password manager to store all our passwords.\n\nBut, we have interns joining and leaving every few months so we are concern about the security of our passwords in the password manager being used after they have left the company.\n\nIs there any password manager that can give the interns access to only certain password or are we able to hash the password?', 'Everything You Need to Know About Password Security', ""Please recommend password manager Hi,\n\nI'm looking for a password manager that would allow me to use multiple authentication factors. Further, it should be able to fine tune which authentication factors need to be used to retrieve a given password. Most password managers I've seen only require multi-factor authentication to open the database, but not to retrieve a password. \n\nThis is basically to acknowledge the fact that not all passwords are equal and that I would like to protect some passwords better than others. \n\nIn many ca""]",Network and Infrastructure
14,256,14_incident_incident response_response_ir,"incident, incident response, response, ir, response plan, forensics, security incident, plan, team, incidents","['Incident Response Question [deleted]', 'Incident Response [deleted]', 'Incident response playbooks']",Defensive Security
15,212,15_dark_dark web_web_data,"dark, dark web, web, data, zoom, sold, sale, leaked, million, deep","['What is the dark web and should I ever use it?', 'Do you know!, What is the Dark Web? [removed]', 'The Top 5 Dark Web Marketplaces']",Dark Web and Underground
16,175,16_salary_job_company_years,"salary, job, company, years, pay, experience, position, raise, analyst, salaries","[""Cyber Security salary in the Philippines I'm on my 5th month at my first job as a SOC Analyst.\n\nI'm just wondering,  How much is the salary for other SOC analyst or other related jobs? PayScale and Glassdoor isn't much help right now.\n\nMy evaluation is moved unfortunately, and I was thinking to haggle my salary a bit and I just need some reference."", ""Thoughts on salary information on PayScale The average salary for an infosec analyst is 70k according to PayScale https://www.payscale.com/research/US/Job=Information_Security_Analyst/Salary\n\nIs it just me, or does that seem low? I've read other sites that put entry-level national average at over 90k. How come these averages are so far apart?"", 'Average Salary for Cyber Threat Intelligence Hi all, can anyone sharing what the average salary for a cyber threat intelligence analyst in a HCOL city? The ranges seem variable on standard salary sites. Should salary ranges be comparable to cyber security analyst (?) there is much more salary data available for that. Thank you!']","Career, Jobs and Hiring"
17,173,17_pen_testing_pentesting_penetration,"pen, testing, pentesting, penetration, pen testing, tester, penetration testing, pentester, experience, career","['Question about physical pen testing Hi, i know this is IT career question reddit and physical pen testing is not IT. But i am posting this here cause maybe someone is doing physical pen testing as a side job or someone knows someone i can talk to, or maybe just know thing about it. Anyways, as the titel says, i am looking into physical penetration testing. I am not there yet or soon will be but i want to start preping myself and educating. I know it is composed of many skills ( Social engeenering, lock picking, etc) but i was wond', ""A pure pen testing role or pen testing/Incident Response role? I'm a Computer Science graduate with an amazing opportunity to work in an entry level position within a cyber security team. I have 2 choices - I can be placed on a team that is purely focused on pen testing / red teaming. Or I can work on 75% pen testing and 25% incident response.\n \nPen testing is what I am really interested in and passionate about. I have found genuine enjoyment on TryHackMe and HackTheBox. With the little experience I have in incident response, I do not see myself being happy"", ""Penetration Testing/Red Teaming IS NOT an entry level role Yes, there are junior pen-testing roles, however they do require some kind of IT background\n\nWhen I say entry level, I mean no prior experience in IT at all, either development side or network side\n\nIf you do not know how applications are made or networks are set-up and managed, you're not going to be a pen-tester right out of the gate\n\nThe consulting companies that hire new grads for pen-testing are a JOKE!. Running a scanning tool and presenting an automated report is not pen-testing\n\nI'd sugg""]",Offensive Security
18,172,18_resume_imgur_imgur com_analyst,"resume, imgur, imgur com, analyst, soc, com, applying, soc analyst, jobs, feedback","['Resume advice for cybersecurity jobs Just re-did my resume and working towards getting in cybersecurity or a system admin role. Any review or advice with my resume would be greatly appreciated! Thanks!\n\n[https://imgur.com/nrq7Tki](https://imgur.com/nrq7Tki)', ""Feedback for SOC analyst resume appreciated! Any and all feedback is greatly appreciated. I am targetting SOC/security analyst positions. Would like some help on how to mitigate the gaps in my resume and my resume in general. I can use my volunteering/time spent caring for family to explain the gaps.\n\nEdit: Updated resume taking into account some of the feedback: https://imgur.com/a/ghKA2Rc (quality was reduced somewhat turning it into jpg's)\n\nOriginal resume: https://imgur.com/a/CMbK3on"", 'Resume Advice - SOC Analyst']","Career, Jobs and Hiring"
19,170,19_phishing_phishing attack_email_attack,"phishing, phishing attack, email, attack, emails, users, user, spam, malicious, target","['What is a Phishing Attack? [removed]', 'What is Phishing Attack? [removed]', 'What is a phishing attack email? [removed]']",Threat Landscape
20,151,20_bootcamp_cybersecurity bootcamp_cybersecurity_boot,"bootcamp, cybersecurity bootcamp, cybersecurity, boot, worth, boot camp, camp, program, university, cyber","['Cybersecurity Bootcamp', 'Best Cybersecurity Bootcamp?', 'Cybersecurity bootcamp']",Certifications and Learning
21,142,21_ai_artificial_machine learning_artificial intelligence,"ai, artificial, machine learning, artificial intelligence, ml, machine, cybersecurity, learning, models, intelligence","['r/CyberSecurity and r/ArtificialIntelligence How AI is Powering Cyber Security', 'AI Become Our New Cybersecurity Sheriff [removed]', 'The Inevitable Symbiosis of Cybersecurity and AI']",AI and Automation
22,139,22_books_book_malware_resources,"books, book, malware, resources, security, network security, read, learn, recommend, list","['Cybersecurity book bundles There are currently two cybersecurity book bundles available on [Fanatical](https://www.fanatical.com/en/bundle/cybersecurity-bundle) and [Humble](https://www.humblebundle.com/books/information-technology-security-books?hmb_source=humble_home&hmb_medium=product_tile&hmb_campaign=mosaic_section_2_layout_index_3_layout_type_threes_tile_index_2_c_itsecuritytaylorfrancis_bookbundle). What do you think, are they any good?', 'What are considered the ""Gold Standard"" in terms of network security books in 2021? I had a friend who wanted to learn more about how all sorts of pen testing, network security, malware, reverse engineering etc worked and they asked me for book recomendations.\n\nWhen I first got started in this world it was 10 years ago, and the books were written based on the tech and standards of those times. \n\nMy examples were going to be ""Hacking: The Art of Exploitation"" , ""Hacking Exposed 6(?): Network Security"" and other outdated books like that .\n\nWhat should I recommend to them that has', 'Network security books']",Certifications and Learning
23,134,23_internship_internships_summer_intern,"internship, internships, summer, intern, student, cybersecurity, summer internship, security, experience, computer","[""How do I get a summer internship in exploit development as an undergrad? I am a rising sophmore applying for jobs and can't find any exploit development/vulnerability research internships only full time jobs. I  mainly see application  security internships. Also I can't get  certifications since college is  demanding. I am majoring in computer  science and the college I go to has  no cybersecurity courses and a lot  of common core classes. Any advice  on getting a summer internship in  this area?"", ""Would a CIS system administrator internship help a cyber security student? So I'm in school for cyber security and I applied to the job mentioned above.  And well they called me back today for an interview.  Would doing an internship like the help me when I graduate?  I also applied for a SOC analyst internship which I will know the results for that one by the 20th.  I'm thinking if I don't get the SOC analyst internship that I should do this other one.  Just wondering if it will help me in the long run or not with getting into security (which is what I'm passionate ab"", 'Help to get a internship So I have a change to get a internship but, I’m going against college kids and I am self thought. It’s for a networking internship. I have my network+ and MTA networking fundamentals. I am currently studying for my security +. Is there any tips to help me have a better change of getting the internship.The internship is at the beginning on next year.']","Career, Jobs and Hiring"
24,134,24_endpoint_endpoint security_defender_protection,"endpoint, endpoint security, defender, protection, crowdstrike, microsoft, endpoint protection, security, edr, av","['The Dangers of Endpoint Discovery in VIPRE Endpoint Security', '[Research] endpoint security', 'All you need to know about Endpoint Security']",Defensive Security
25,128,25_vulnerability_zero_zero vulnerability_cve,"vulnerability, zero, zero vulnerability, cve, exploit, microsoft, patch, log4j, chrome, windows","['MS Zero Day Vulnerability Question [removed]', 'SpringShell Zero-Day Vulnerability: All You Need To Know', 'SpringShell Zero-Day Vulnerability: All You Need to Know | JFrog']",Threat Landscape
26,128,26_oscp_certification_ejpt_ceh,"oscp, certification, ejpt, ceh, oscp certification, elearnsecurity, exam, penetration, cert, pentest","['OSCP Certification [removed]', 'What is best before OSCP? I am starting in cyber security and studying for CEH. What I would like to know is what after CEH? I know about OSCP, but would it be a good idea to just go for OSCP right after CEH. I am only taking Udemy course, no certification. But I do look forward to have a OSCP certification.', ""OSCP Certification I'm currently working on the CEH and OSCP certifications. What can I expect? Differences (besides OSCP being hands on and more information)""]",Certifications and Learning
27,122,27_infosec_security analyst_analyst_information security,"infosec, security analyst, analyst, information security, security, information, role, years, experience, job","['Information Security Analyst questions. Is it hard? What I need to learn and do? 1. Is Information Security Analyst the same as Cyber Security?\n2. Can I work in Information Security and be Information Security Analyst with bachelor IT degree plus certifications?\n3. Can I work in Cyber Security field and be Cyber Security with bachelor IT plus certifications?\n4. Can I get into Information Security Analyst and/or Cyber Security field without a degree at all?\n5. What certifications you guys recommend? I am thinking doing CompTIA Security+, but first I need to get training going', 'Information Security Analyst questions. Is it hard? What I need to learn and do? 1) Is Information Security Analyst the same as Cyber Security?\n\n2) Can I work in Information Security and be Information Security Analyst with bachelor IT degree plus certifications?\n\n3) Can I work in Cyber Security field and be Cyber Security with bachelor IT plus certifications?  \n\n\n4) Can I get into Information Security Analyst and/or Cyber Security field without a degree at all?\n\n5) What certifications you guys recommend? I am thinking doing CompTIA Security+, but first I need to get trainin', 'Information Security Analyst questions 1. Is Information Security Analyst the same as Cyber Security?\n2. Can I work in Information Security and be Information Security Analyst with bachelor IT degree plus certifications?\n3. Can I work in Cyber Security field and be Cyber Security with bachelor IT plus certifications?\n4. Can I get into Information Security Analyst and/or Cyber Security field without a degree at all?\n5. What certifications you guys recommend? I am thinking doing CompTIA Security+, but first I need to get training going']","Career, Jobs and Hiring"
28,119,28_email_account_password_google,"email, account, password, google, gmail, address, changed, amazon, email address, login","[""The weirdest thing happened to my Amazon account today! Lately I have been having a major issue since June 2020 with someone constantly logging into all of my online accounts. I was informed by Intuit that my email address was affected by a data breach on [Mathway.com](https://mathway.com/) and the MyFitnessPal website. Someone logged into my Twitter, Instagram, Acorns investment account, Robinhood investment account, Pinterest account (and I didn't even have Pinterest when they logged into it!), Amazon and PayPal account. I changed my login info for"", 'Old email account in a data breach. [removed]', 'Old email account in a data breach.']",Threat Landscape
29,113,29_social engineering_social_engineering_engineering attacks,"social engineering, social, engineering, engineering attacks, attacks, humans, techniques, avoid, hacking, slack","['Our take on social engineering', 'Social Engineering Soldiers', 'Social engineering 2.0']",Threat Landscape
